{
  "hash": "b3dcfe73",
  "configHash": "358657a5",
  "lockfileHash": "2128b1cc",
  "browserHash": "f4315626",
  "optimized": {
    "@angular/common": {
      "src": "../../../../../../node_modules/@angular/common/fesm2022/common.mjs",
      "file": "@angular_common.js",
      "fileHash": "d02bd6fc",
      "needsInterop": false
    },
    "@angular/core": {
      "src": "../../../../../../node_modules/@angular/core/fesm2022/core.mjs",
      "file": "@angular_core.js",
      "fileHash": "71980336",
      "needsInterop": false
    },
    "@angular/platform-browser": {
      "src": "../../../../../../node_modules/@angular/platform-browser/fesm2022/platform-browser.mjs",
      "file": "@angular_platform-browser.js",
      "fileHash": "b52e1646",
      "needsInterop": false
    },
    "@angular/router": {
      "src": "../../../../../../node_modules/@angular/router/fesm2022/router.mjs",
      "file": "@angular_router.js",
      "fileHash": "a0b105e6",
      "needsInterop": false
    },
    "zone.js": {
      "src": "../../../../../../node_modules/zone.js/fesm2015/zone.js",
      "file": "zone__js.js",
      "fileHash": "ceff1786",
      "needsInterop": true
    },
    "@angular/forms": {
      "src": "../../../../../../node_modules/@angular/forms/fesm2022/forms.mjs",
      "file": "@angular_forms.js",
      "fileHash": "fec5de1b",
      "needsInterop": false
    },
    "rxjs/operators": {
      "src": "../../../../../../node_modules/rxjs/dist/esm5/operators/index.js",
      "file": "rxjs_operators.js",
      "fileHash": "29904264",
      "needsInterop": false
    },
    "@angular/common/http": {
      "src": "../../../../../../node_modules/@angular/common/fesm2022/http.mjs",
      "file": "@angular_common_http.js",
      "fileHash": "4a3ed28e",
      "needsInterop": false
    }
  },
  "chunks": {
    "chunk-NVIEXIQT": {
      "file": "chunk-NVIEXIQT.js"
    },
    "chunk-FN4FW4NB": {
      "file": "chunk-FN4FW4NB.js"
    },
    "chunk-TKLLVZHZ": {
      "file": "chunk-TKLLVZHZ.js"
    },
    "chunk-FTJJFYDV": {
      "file": "chunk-FTJJFYDV.js"
    },
    "chunk-5NRHPC6Z": {
      "file": "chunk-5NRHPC6Z.js"
    },
    "chunk-AQQWFOFB": {
      "file": "chunk-AQQWFOFB.js"
    },
    "chunk-WDMUDEB6": {
      "file": "chunk-WDMUDEB6.js"
    }
  }
}